up,0.0000,0.0000,0.0000,0.5468,10.6285,60.3832,22.1537,88.1244,53.8876,73.1707,100.1976,69.4512,93.4441,59.5624,37.1541,26.9039,31.7793,44.2017,43.9890,38.7478,41.6195,27.6388,23.1541,66.5824,40.4227,11.4407,39.7751,24.8927,19.6756,14.8868,17.2368,30.5400,34.1107,86.8437,54.6237,36.6361,31.8761,18.4537,36.5724
up,0.0000,0.0000,0.0000,1.9856,26.5459,7.6737,8.9410,10.5341,7.3502,8.9837,10.6666,9.0746,7.8571,11.7295,29.8020,31.4056,36.3629,13.7234,10.3600,38.7405,62.4895,17.1627,5.9929,23.7959,41.3920,146.8051,213.7071,178.4439,91.8790,25.4878,10.7554,64.9346,80.9868,50.8951,13.7759,10.8271,9.2885,31.9276,56.1832
up,0.0000,0.0000,0.0000,8.1834,81.9968,7.7027,7.7115,8.3215,9.4676,7.7795,8.2985,10.1746,47.3322,102.4405,77.8781,35.2393,31.1273,81.1705,104.1973,83.3807,45.8354,39.9832,33.4502,24.0598,16.5463,11.7471,11.0583,15.5515,48.2137,118.6351,76.0924,53.8837,25.8241,23.3846,35.5441,11.7859,14.3788,48.9771,87.0156
up,0.0000,0.0000,0.0000,7.6034,57.7507,21.7141,11.4956,12.7929,20.1334,16.1615,29.3268,84.2824,67.5090,65.6802,44.0361,25.5371,11.4851,9.4400,9.8180,7.8237,14.0020,17.5771,19.7737,20.9317,26.9032,22.2693,16.6644,18.6212,11.8285,8.6310,7.1920,8.9341,8.7651,8.3741,8.2288,8.2732,9.0673,6.6256,10.1480
up,0.0000,0.0000,0.0000,0.9705,8.3822,82.3678,43.5246,25.3773,14.6190,11.7466,7.1580,15.7920,19.8880,19.7698,26.4539,27.6083,24.1827,36.8883,51.1322,35.8778,13.0759,30.6820,14.3349,45.4305,50.3985,37.7756,18.7702,32.0054,10.2071,17.8585,26.9978,50.2841,69.3115,63.8783,21.1495,21.6607,24.1963,12.5617,9.7632
up,0.0000,0.0000,0.0000,1.0456,14.3112,54.2405,115.6461,127.7346,23.9478,12.8649,34.4827,73.6802,69.9668,53.3234,52.0761,45.4390,23.4602,19.9207,20.6693,19.7017,11.3934,10.7910,16.2378,49.8617,36.9137,11.5239,19.9405,18.1780,24.9634,36.0817,36.7329,36.1466,33.2612,19.4610,5.5539,13.6829,17.6015,18.0215,20.7334
up,0.0000,0.0000,0.0000,4.5346,22.2512,19.3839,50.5300,40.3724,33.8234,26.6427,64.2312,71.7171,38.0807,46.7032,42.2366,21.3012,16.8500,18.2332,16.3137,15.3002,10.7798,9.7349,13.5071,29.5461,29.8454,21.4898,20.2120,20.5773,13.6698,11.0224,14.9846,12.9385,9.1746,9.4349,12.8217,8.6566,8.3790,10.3366,8.9578
up,0.0000,0.0000,0.0000,1.6151,9.4078,71.4812,62.7544,50.5934,34.7776,39.2359,13.7029,13.4698,72.1759,64.3203,56.0268,72.1546,61.6195,28.8020,28.1444,9.9988,8.2115,18.6663,10.2437,12.5110,10.3671,19.3022,22.3132,12.6580,11.6222,11.1317,22.4817,14.9746,18.0039,25.5568,18.5468,22.4539,46.4090,32.8190,10.9256
up,0.0000,0.0000,0.0000,4.8183,20.8893,49.5522,43.8151,23.4966,10.9422,8.9351,31.5054,29.1080,10.2002,10.0459,16.8051,19.0105,14.0766,24.6802,37.0963,22.1222,13.7949,27.8217,13.9037,12.0627,16.8632,13.3034,11.0920,13.3851,13.2427,9.1456,8.5583,10.2341,9.2573,10.1007,8.7573,10.0420,9.7510,9.0593,10.2668
up,0.0000,0.0000,0.0000,0.9666,9.5773,10.8634,13.1241,11.3663,18.7349,14.7820,11.0207,9.1715,10.1978,11.8215,10.9737,14.8163,18.8395,25.8478,9.1663,10.4124,11.3554,10.2212,13.8776,20.6785,49.8500,36.9207,25.6822,48.8778,31.1063,22.6505,33.9863,10.7832,11.0990,12.8995,14.7534,15.9637,9.8683,11.2907,13.2617
up,0.0000,0.0000,0.0000,1.1710,10.8324,19.0727,20.8229,19.7066,19.7412,18.6671,20.2246,20.6654,17.8402,21.4334,19.9878,19.7944,19.4773,20.1924,20.6649,18.3122,20.5217,19.2212,20.7807,17.6376,20.1000,20.3617,19.0851,19.2193,19.3741,22.0049,18.0180,20.6305,20.5610,21.1022,19.1193,18.6778,39.4773,19.2629,24.4783
up,0.0000,0.0000,0.0000,2.0663,17.2283,34.5198,105.3656,235.4073,185.1883,82.1632,55.1207,19.2944,9.3517,17.7973,29.8173,32.9776,24.3244,32.9988,30.6754,26.9732,45.3183,30.9754,12.8451,18.5529,26.1654,18.8724,18.0607,8.6202,14.5483,23.2102,21.9378,24.9422,27.8098,26.5339,21.0015,12.1866,12.5400,20.7144,43.8807
up,0.0000,0.0000,0.0000,7.8756,30.7427,31.2724,23.0220,57.8166,25.3800,31.0244,45.9105,16.2566,22.7712,30.1049,48.6351,20.5149,21.0124,48.5202,39.4071,18.6263,12.6651,29.5161,27.6463,19.9600,21.7020,31.9637,23.1722,25.2746,10.8639,31.7051,24.7915,21.3244,29.1790,19.8339,20.5710,29.5312,34.9005,28.6063,29.3363
up,0.0000,0.0000,0.0000,6.1044,36.3498,27.0317,24.4283,51.6046,65.0098,49.9451,24.2246,14.2793,15.2007,43.7151,39.3641,25.8424,12.8863,14.5127,13.1056,18.3278,18.1641,17.1998,14.7129,10.8195,17.2290,20.0115,21.7620,28.2466,18.0249,21.9971,53.8490,62.8639,24.9839,17.6085,13.2688,22.3712,25.8632,9.1583,34.3829
up,0.0000,0.0000,0.0000,5.3371,23.5395,10.6744,16.4854,19.4493,11.2722,29.7727,10.8998,13.2778,17.0639,33.8424,32.2856,13.5473,15.7659,10.9563,16.1361,17.2717,15.6712,29.8034,22.8015,18.4246,15.5754,12.1790,10.0244,11.4041,11.7920,11.4732,11.4051,10.7480,12.5893,9.5580,13.2707,10.3124,11.4656,11.2105,11.3663
up,0.0000,0.0000,0.0000,2.0285,12.1020,10.4598,15.6900,10.2827,11.1280,12.0046,11.3222,10.9476,11.2383,12.7156,9.0578,11.3222,11.0507,10.8866,10.8656,10.6346,10.5176,9.1059,12.0915,10.1893,11.3161,10.1705,10.7720,11.5700,10.3434,11.6883,10.7634,12.5276,9.7739,11.3920,12.2151,12.2054,11.3722,11.8729,14.3739
up,0.0000,0.0000,0.0000,1.0398,10.9263,31.9046,73.5893,58.5310,9.9759,11.1371,10.0583,14.6941,14.8468,11.8863,17.7434,18.6859,37.8973,33.1056,28.8985,18.0380,11.2990,16.4932,26.1256,17.6129,12.6024,9.8500,18.4876,22.9507,15.1180,30.8493,29.6593,15.5973,10.2107,10.6100,11.7741,13.2193,14.5127,18.5941,13.8229
up,0.0000,0.0000,0.0000,0.5098,9.9902,13.7156,16.0234,15.4459,21.6649,10.8427,31.5044,77.0359,70.5961,40.4666,42.7593,31.7102,10.9798,28.9207,29.9363,31.3605,15.1234,26.1356,17.0954,16.9161,24.5876,17.6349,16.6824,14.0017,16.6261,16.3790,14.2900,12.4459,10.9741,10.3312,10.1139,13.0385,16.4449,14.3807,9.4529
up,0.0000,0.0000,0.0000,1.5959,10.3471,10.7246,12.2722,10.2976,12.5702,10.7541,11.7902,13.5593,12.8766,12.1768,12.4580,14.5690,10.9968,12.3061,12.6790,12.2400,11.6139,11.3585,13.9027,11.3332,12.3922,11.6641,11.7690,11.2407,11.2051,13.0783,12.0651,12.8476,16.5673,20.0515,12.5468,12.8663,12.6773,10.8885,12.7127
up,0.0000,0.0000,0.0000,1.2978,11.3198,12.0527,10.6420,12.4180,9.5341,10.6090,11.6637,10.5915,10.6724,10.4634,32.9439,76.9966,71.6937,19.0227,80.9639,86.1393,69.3942,44.5656,18.0256,12.6263,10.8049,10.3200,13.2176,15.8949,12.7593,11.6261,17.5802,12.3366,10.9512,10.4356,12.4863,10.4059,10.2778,11.9851,10.5876
up,0.0000,0.0000,0.0000,1.8098,11.5278,9.3939,9.5663,10.5171,9.5720,10.6341,9.4288,10.4566,12.0505,11.8693,10.3812,10.0163,11.6671,9.5568,10.7534,11.3463,10.5154,10.6978,11.1576,12.2324,10.7615,11.2659,10.1163,12.5202,10.8415,12.5088,14.0498,14.0810,12.7249,12.6522,13.2724,15.0217,32.0610,12.1646,16.2529
up,0.0000,0.0000,0.0000,0.5098,13.8115,80.5215,82.2900,48.2946,33.4061,20.8229,22.8505,26.2537,22.6873,24.0056,24.8800,16.6337,19.1120,20.4454,27.4934,23.5298,25.3141,34.2800,33.0093,30.6010,17.4559,28.3249,24.9120,33.7044,30.7841,34.6878,50.0617,19.4846,23.0159,50.0820,47.5937,22.5737,18.1963,19.4339,18.5929
up,0.0000,0.0000,0.0000,3.1624,17.6378,21.4400,18.8949,35.4993,37.4180,25.2171,28.5429,27.1366,26.5320,23.2788,21.2741,31.2388,41.0483,21.9685,19.6693,18.9261,21.6122,19.4446,17.5017,30.6902,29.5666,17.3324,21.7256,20.6883,19.0763,19.2634,17.8905,22.8307,18.7441,18.3412,21.9534,22.0041,17.6966,18.7259,23.7732
up,0.0000,0.0000,0.0000,2.4966,17.1541,35.3932,53.9644,39.6673,24.3139,22.2761,21.5663,16.9783,21.0471,19.0561,16.5149,19.3193,22.2690,43.5232,18.4007,34.8871,31.8829,20.4071,19.9041,17.7856,24.1656,25.3600,17.5961,18.4871,19.4910,18.5732,20.2234,19.4366,18.5659,18.0832,19.6454,19.3941,18.3202,20.0063,18.6005
up,0.0000,0.0000,0.0000,2.2832,17.0641,19.6424,21.4227,17.5271,22.1071,19.5037,18.7849,20.0263,19.2741,20.8846,17.4644,19.2422,19.3571,19.4383,18.0688,18.6917,19.9241,16.6988,19.1310,17.7478,18.9090,16.3678,19.3434,18.6010,16.8873,17.8341,17.6212,20.9105,15.7951,19.8559,17.9849,17.4556,18.5580,18.5017,18.7885
up,0.0000,0.0000,0.0000,1.2412,17.0685,20.0363,16.6793,19.8190,17.6712,17.7417,17.9029,31.5463,29.7268,22.7532,20.6902,21.4041,22.2166,16.1134,46.2027,54.7961,41.1298,26.6000,17.7078,17.9963,16.8759,21.4000,17.0788,16.8610,16.3546,16.9193,22.1817,17.4368,16.3151,16.6276,18.6044,16.2949,20.5483,24.5676,16.4671
up,0.0000,0.0000,0.0000,1.9922,19.8712,17.7946,16.8117,17.8468,17.8351,18.2488,16.4222,21.0527,18.0188,17.2817,17.5173,18.2459,18.2568,15.9056,18.9863,17.0983,18.2671,16.0622,17.2676,19.7237,17.5266,16.6371,17.2473,18.8163,16.0000,18.7985,17.7802,17.0522,17.2929,17.6629,18.9263,15.8785,18.4288,17.5090,17.7000
up,0.0000,0.0000,0.0000,1.5237,18.2532,17.9576,19.1646,16.6732,19.9605,19.3341,20.0193,15.8585,17.9644,18.4307,20.0493,34.8690,29.9368,21.0268,20.2737,20.0834,20.4783,30.4541,24.5149,18.1137,21.0400,18.1839,18.0039,23.6685,23.3063,16.4366,18.7483,19.1624,17.6561,17.7334,19.6393,17.5990,16.9183,18.7934,18.6768
up,0.0000,0.0000,0.0000,1.3651,18.1007,18.7956,20.2534,16.0422,18.7473,18.2344,17.5963,16.9212,16.9529,18.9122,15.7580,23.4854,24.8468,17.3807,16.8876,24.8810,19.4990,18.8476,16.7807,20.4829,18.8395,16.0302,18.7505,19.6156,16.7400,18.9137,17.7032,18.5712,21.9356,23.4893,17.7961,17.5817,21.5880,38.2863,27.3051
up,0.0000,0.0000,0.0000,1.8873,16.9649,20.4690,16.1037,19.3200,17.6685,17.6244,20.8012,20.4920,22.2380,16.3315,21.3024,27.8263,20.3012,17.9861,29.6144,21.6612,22.5976,31.3110,23.1390,22.4837,16.0441,19.4883,17.2568,17.3476,20.7485,16.8398,20.3149,24.0729,34.5707,20.4932,18.4344,16.6061,16.9251,24.4007,23.4863
up,0.0000,0.0000,0.0000,1.2883,17.8983,17.4178,16.8724,30.9346,43.1537,45.1046,23.0666,16.3332,26.6034,23.6846,20.3022,22.5768,22.3378,25.5961,52.2302,58.7702,36.9251,25.3693,27.6902,24.9263,33.6839,15.9722,16.9554,17.2624,18.4300,28.2702,22.9683,18.4198,18.9207,18.7005,15.4073,16.7620,19.5688,18.2978,17.0212
up,0.0000,0.0000,0.0000,1.6161,20.9198,16.7976,15.4132,18.2068,20.6837,16.5076,16.6954,17.4861,14.9273,18.4644,17.6444,15.6505,15.9624,16.1615,14.9822,16.7200,16.5234,19.6863,26.6105,20.2451,18.8193,20.0822,19.3463,18.6617,20.4629,20.2954,18.0541,21.6822,17.5578,16.6659,20.1705,17.0207,11.3485,12.0717,21.6298
up,0.0000,0.0000,0.0000,1.6144,24.5127,22.4732,18.9261,19.0341,17.1741,19.2027,19.5500,19.1515,18.4263,19.2141,22.4680,18.2568,20.8415,20.0349,21.5112,19.6941,23.4005,20.6356,18.4888,22.4561,20.4917,21.1129,18.3010,20.5510,23.5405,20.4861,27.1890,28.9559,27.1885,16.6295,20.7232,18.7541,19.7339,34.1790,25.0934
up,0.0000,0.0000,0.0000,2.5320,18.7105,20.2622,19.1683,23.6883,17.6849,20.7729,19.5068,19.3307,19.2549,20.0924,20.4927,17.6539,20.1090,19.1476,20.5783,17.9634,20.0607,20.2971,18.1129,20.3620,18.9593,20.9344,17.6502,20.0851,20.0983,19.0151,18.9124,19.5520,20.7000,17.3800,20.7361,19.1190,19.4037,18.6641,19.9068
up,0.0000,0.0000,0.0000,2.4185,20.2302,18.0580,20.0468,18.0046,20.7724,19.7649,18.9149,19.4607,20.0598,20.2588,18.1910,21.5829,19.2307,19.6295,18.5415,20.1785,20.3993,17.8298,23.0173,19.7412,20.3659,18.1515,19.4237,21.0641,18.6168,19.1510,19.0507,20.7839,17.7863,20.3278,19.5271,18.7505,20.1205,22.3754,20.4393
up,0.0000,0.0000,0.0000,1.3644,20.1220,21.3059,21.2968,24.4712,22.0480,25.8534,21.5224,28.2756,36.9044,22.8715,18.5222,19.6563,21.5859,17.7876,20.1156,19.2100,19.2737,19.0059,19.1071,19.3956,18.0037,17.4329,18.7285,19.4756,20.3405,22.1559,17.5556,18.9000,17.0595,17.7807,20.8522,16.7915,17.6676,17.4439,18.0115
up,0.0000,0.0000,0.0000,1.4407,18.3112,20.7122,17.9834,17.2039,17.8156,19.7576,16.2205,20.0500,17.7485,16.9683,17.5151,16.3261,17.4898,14.8595,17.9061,16.5349,24.2505,45.2951,48.7054,24.8159,18.3229,23.3022,21.0239,17.4300,40.0202,32.9020,20.8871,30.5163,22.4563,35.0405,31.2717,47.1717,29.9278,18.6024,29.3932
up,0.0000,0.0000,0.0000,2.5432,17.6656,17.8205,18.3854,19.4602,18.5341,17.5276,17.3780,20.8132,50.0115,39.9117,26.0912,19.6744,16.2756,27.4063,19.5251,21.5888,49.8580,52.1188,37.9163,29.7839,31.8327,27.6512,19.4029,17.4266,18.0327,18.4017,20.6022,16.3215,17.7678,21.1100,20.9644,17.5529,18.8812,23.6361,17.8598
up,0.0000,0.0000,0.0000,1.3120,17.3637,20.0180,15.9832,19.3044,17.3754,17.9134,16.2859,17.3729,18.6215,17.1371,16.6002,18.1371,18.8000,21.1034,22.7256,17.7334,16.9754,16.4337,16.9541,20.3817,15.5602,19.9593,17.6424,17.4471,16.5110,17.0393,20.8059,18.0310,17.1280,17.1607,19.2402,15.8907,17.6434,18.2544,16.8902
up,0.0000,0.0000,0.0000,1.5371,18.6546,17.1044,17.0256,15.5780,22.9305,21.3176,17.3010,19.2795,23.2839,16.5134,17.0312,17.4993,16.9373,17.2076,17.7161,19.7076,17.1193,18.0076,18.0900,19.5339,16.3549,19.3363,18.6073,16.8295,19.9741,18.7195,17.6661,18.9500,20.6395,16.2073,15.8110,18.2851,17.2866,17.0320,15.5868
down,0.0000,0.0000,0.0000,2.0410,16.5944,20.8220,19.4210,18.4524,20.2283,21.8590,19.7117,19.2737,23.9585,20.5285,19.8120,19.7980,21.4522,21.0924,18.6517,21.0734,20.0422,21.5107,18.7759,21.6056,21.1280,19.9090,20.4559,20.4800,22.3156,18.6468,22.2254,20.3585,20.2951,19.9293,21.1173,21.4010,18.6273,20.9820,19.6629
down,0.0000,0.0000,0.0000,3.6695,18.9276,14.8290,21.7324,24.4754,152.5281,165.0163,59.5129,133.5766,118.3210,139.8207,168.2312,85.3146,34.4712,27.0200,24.1932,21.7937,22.8788,43.3780,43.1622,37.5890,27.9773,26.4829,57.7388,24.4171,19.4237,20.1927,26.7220,18.2171,23.9859,18.9298,20.8007,19.3988,21.0378,21.2193,18.5990
down,0.0000,0.0000,0.0000,2.3112,20.9956,18.4166,24.7980,23.1198,26.2693,18.3907,21.6102,21.2193,20.8861,22.5405,24.0480,18.6524,16.9171,17.8720,17.0751,18.6937,15.7015,17.1717,18.3756,23.2932,19.7354,18.4102,23.8202,17.8929,19.5290,19.1551,19.7666,18.3356,20.9117,19.0276,17.6244,18.9502,18.2383,21.9229,17.6568
down,0.0000,0.0000,0.0000,2.1920,19.0649,18.2434,15.7998,12.5378,12.3012,13.8749,19.4056,13.7824,21.0605,14.5507,22.7449,20.1990,20.5020,26.9849,70.9249,26.2007,21.2941,25.3173,26.5766,35.3695,21.8954,27.4149,44.0166,47.3834,32.5061,22.0505,23.4827,23.3807,21.1254,20.3759,24.8761,19.3498,35.1180,77.3483,45.4407
down,0.0000,0.0000,0.0000,4.6912,31.6724,21.0827,22.6285,20.1624,21.8541,19.1144,20.4712,22.8817,19.3837,20.6956,20.0746,22.2754,18.6083,20.8834,21.7315,20.1788,19.5183,45.7617,75.3205,44.9571,22.8195,27.7327,30.0768,30.8346,16.8534,31.9017,43.5920,40.2559,58.6449,26.6427,42.5339,63.2510,37.8902,40.5122,32.6207
down,0.0000,0.0000,0.0000,3.3298,38.7859,27.1278,21.1346,19.2261,19.9398,18.2773,20.4520,21.0034,20.7771,18.8266,19.2083,20.3890,18.3063,21.9495,19.4498,18.5363,19.8359,19.6910,20.2215,17.6415,20.3963,18.9771,19.6944,18.0000,19.5798,20.8671,17.9888,18.9739,19.3478,24.1383,18.0976,19.2615,20.7890,18.2161,20.0629
down,0.0000,0.0000,0.0000,2.9532,19.5517,61.0439,32.2993,22.7773,25.6024,33.1459,36.5549,27.1324,25.4790,28.8988,24.5168,20.2837,20.3298,24.0471,20.0800,19.6915,20.3559,21.7612,20.6278,18.3007,19.9198,19.7983,23.2834,18.1512,19.5244,24.3137,22.0488,19.5007,20.7524,24.9466,18.7232,19.5410,21.8102,20.6839,18.6863
down,0.0000,0.0000,0.0000,2.5490,20.6193,22.4824,21.7466,20.9978,18.7422,22.4217,20.4905,20.9834,44.7480,62.1651,32.4556,21.2398,28.7032,26.6380,20.6532,31.7278,41.7095,25.2685,20.2141,20.0417,20.0507,21.8698,18.4310,22.6756,19.9402,21.0515,18.7790,20.2434,23.4234,23.3783,20.4883,21.7678,25.9122,19.3237,15.6827
down,0.0000,0.0000,0.0000,1.9307,24.6239,20.0963,20.0849,21.1841,21.1378,21.1285,28.4071,32.6810,19.1483,19.3141,23.7610,18.2107,20.2020,19.4310,20.7244,24.5356,25.3576,19.8641,18.9324,19.2334,19.4829,22.5827,17.7685,22.2490,19.3922,20.8656,18.8671,20.3922,24.9834,17.5090,25.8449,21.8061,20.5098,19.1968,20.0151
down,0.0000,0.0000,0.0000,2.1054,22.1483,21.4507,23.6376,19.4390,18.2602,19.8029,19.1002,20.1290,18.6110,21.2176,18.9024,18.5773,17.8873,18.5756,21.2827,18.1532,18.7217,19.2273,20.6232,17.4790,19.8380,20.0605,18.0673,19.5980,19.1454,21.3051,17.9434,20.9273,20.3161,22.3110,22.4910,27.5012,28.4578,17.9485,25.2185
down,0.0000,0.0000,0.0000,2.3766,20.3580,17.7056,14.8727,36.4232,36.6702,35.3002,29.7483,20.3212,31.7544,27.4898,35.3468,60.6951,55.4505,27.7946,22.9259,23.5451,34.3322,27.0766,17.7880,30.9161,23.0559,18.7871,17.3620,17.8824,26.3722,23.7361,19.4032,22.4302,23.8851,17.0980,17.9805,19.6998,16.9607,17.6720,17.6785
down,0.0000,0.0000,0.0000,3.1495,16.9412,24.2871,19.7049,22.7071,15.9605,23.4610,18.8668,17.2751,25.1602,21.1910,25.0785,19.4737,17.9876,19.0041,18.2002,24.0578,18.4637,22.9322,26.1659,18.2363,20.6973,24.6578,17.4905,19.8449,19.0239,17.6417,19.0515,17.8068,19.2278,15.9929,18.1024,17.8195,17.9132,16.4771,17.7337
down,0.0000,0.0000,0.0000,2.5217,18.3895,23.2005,30.5156,35.2185,33.7834,21.5217,22.3156,24.1080,15.3317,44.6559,28.7241,21.8668,25.8932,19.6880,30.4280,30.7261,18.3327,24.9571,15.8107,14.7173,21.4149,22.1024,16.8032,18.1334,21.9193,26.2202,49.7871,37.1085,38.9115,15.1463,22.1551,21.2290,15.4520,18.6732,17.1983
down,0.0000,0.0000,0.0000,3.6517,16.2712,35.8034,30.8054,15.4605,25.8076,30.3022,23.0237,21.1239,25.4934,18.1593,21.7563,18.4288,21.0215,18.0132,20.1715,18.0054,20.0644,20.2000,19.3941,18.1024,17.5971,18.5705,16.4334,17.3715,20.3810,23.4285,22.3983,24.7532,29.3415,20.6051,17.7002,19.6629,19.9827,16.1402,17.9741
down,0.0000,0.0000,0.0000,2.3722,18.4644,16.9888,18.1729,18.4776,16.5922,18.4356,17.5412,18.7583,16.4366,18.6061,18.3724,17.1768,17.4263,17.6144,19.0724,16.0666,21.0054,18.3456,18.0366,17.6490,19.0585,18.8229,17.1227,19.4471,17.1800,19.0776,16.2680,17.5337,20.1927,18.6773,17.1573,17.7937,20.7632,16.2422,17.3788
down,0.0000,0.0000,0.0000,1.8844,20.6483,18.3241,18.9961,17.5041,18.2059,19.7810,18.6593,16.5263,21.0061,18.2883,17.9529,18.0366,19.0012,18.5480,16.4198,20.2556,19.1456,19.0588,17.6954,18.7322,18.3149,16.8176,20.0483,19.9641,18.5932,16.7044,18.0302,18.9754,19.9656,17.4093,18.9939,24.5373,18.6039,25.5427,36.7722
down,0.0000,0.0000,0.0000,8.7161,73.9641,19.5929,17.8610,19.3251,16.6368,18.9641,18.7085,16.9607,18.5449,17.6334,19.5888,16.0634,19.5102,19.9283,43.3302,48.0915,39.6783,22.7378,26.6700,27.3688,23.3680,22.2115,26.3622,26.0868,19.3132,18.4400,21.8746,18.2176,17.8880,16.8244,17.9895,18.6768,18.0571,16.7380,17.5254
down,0.0000,0.0000,0.0000,3.8934,18.7876,17.4110,18.9385,22.6910,16.5988,16.3802,29.6902,25.0544,22.2376,30.0859,29.5280,32.1693,53.0851,73.4193,60.2256,29.7963,23.2390,28.3171,31.3339,20.8015,19.5778,22.8173,21.6888,27.9346,27.3115,17.0105,17.8380,19.2856,17.4802,17.2727,17.3895,21.3946,19.2444,17.5912,19.8332
down,0.0000,0.0000,0.0000,4.0080,17.8083,19.5337,16.8649,17.9605,20.2959,27.6139,19.8324,17.6641,20.0980,21.5210,18.3071,18.2322,19.1659,18.8822,20.6227,18.4885,21.8102,18.1220,18.7120,22.6459,17.5129,18.2388,18.6802,19.0683,17.0890,18.9283,19.1366,16.6544,18.6154,17.8317,18.8161,17.1017,19.4788,18.6176,17.0817
down,0.0000,0.0000,0.0000,2.0032,20.0532,36.9720,75.4156,73.2871,47.1498,41.8544,22.8193,29.6341,28.4920,28.7727,23.3483,33.0702,45.2956,76.6176,48.5090,26.6698,25.3783,18.4924,19.2080,19.9405,37.4983,36.5078,20.6268,25.4271,22.6527,35.5261,47.3156,86.2022,78.0849,22.9946,20.7241,31.1990,43.7280,41.0400,19.1180
down,0.0000,0.0000,0.0000,1.4556,27.1117,79.4842,38.1110,40.9583,47.7639,34.0690,27.9863,20.8863,20.2259,17.5129,19.4624,19.9749,19.0137,22.2520,102.0961,78.6305,21.8366,53.9022,27.4590,18.0988,29.8168,36.8649,20.1912,37.6895,50.9856,39.1515,29.4139,32.0159,28.3595,21.9646,21.3017,21.0237,18.3071,24.5585,19.6417
down,0.0000,0.0000,0.0000,1.5029,19.3790,18.4271,30.6624,55.6690,45.2985,34.6578,30.1551,19.4193,18.8439,17.9990,18.6310,25.2790,23.2790,21.0790,24.9032,26.2449,19.3722,18.9815,23.0488,19.1580,18.1227,18.8724,20.2022,17.5456,20.1827,19.4968,18.7502,17.9995,18.5790,20.8773,17.0185,19.6966,19.2905,18.7134,18.0015
down,0.0000,0.0000,0.0000,3.0154,18.9480,23.6176,24.3493,18.0312,28.0029,18.0112,26.7183,37.6156,13.7495,59.7844,37.3307,34.9324,36.5337,26.0768,27.5249,19.4410,51.2373,30.6680,22.9554,20.0173,24.7180,24.5573,38.7159,29.3205,30.7049,24.5859,19.2832,19.2949,31.9180,24.4017,21.1732,19.6920,24.3954,30.5866,27.2102
down,0.0000,0.0000,0.0000,0.7190,32.6124,30.6871,42.6932,42.8105,26.6346,24.0295,27.1680,26.1507,31.7683,54.3159,34.9622,47.3546,40.9302,25.4856,22.4717,22.5980,26.6668,20.9124,37.5434,62.4622,21.3561,61.4737,46.0812,32.7717,19.1646,38.8115,22.5102,28.4563,36.6578,24.4354,42.0920,71.1849,63.2495,40.6946,23.8110
down,0.0000,0.0000,0.0000,1.5485,56.7668,37.9795,26.9359,22.2149,25.5471,21.6654,30.5785,31.6839,26.1361,19.3312,35.7944,27.6978,38.8056,26.7841,22.0371,24.5798,18.1817,23.8593,21.0815,20.2239,34.9078,34.5649,20.1498,25.1432,20.5420,21.2476,19.3959,18.4654,20.5102,19.8315,17.6237,20.3566,18.3822,20.3876,17.4668
down,0.0000,0.0000,0.0000,2.0568,19.3220,23.3049,20.9378,19.1966,17.4929,20.1290,19.6200,25.2993,28.4022,20.3054,22.2061,20.7249,19.8207,18.1680,20.2388,17.1141,18.2488,19.9546,19.3746,17.4539,17.8839,21.6227,18.7027,17.6246,18.5212,21.6059,17.0380,18.0229,19.7744,17.5005,18.2834,18.0493,20.0363,16.7617,20.5078
down,0.0000,0.0000,0.0000,1.7273,19.3393,16.5800,19.7451,17.3900,17.5695,17.1973,17.9885,20.3007,17.7037,17.6641,17.7951,18.2883,17.9639,20.4085,17.9710,17.0154,18.2207,17.9320,18.8071,16.0295,18.1632,17.6951,18.5110,15.7863,18.4534,22.2141,15.7502,17.5220,18.1285,19.8741,16.6651,17.7715,20.3805,16.7676,17.8812
down,0.0000,0.0000,0.0000,2.1537,18.5261,19.3571,22.1302,18.5861,19.2980,17.4132,19.0907,19.6207,18.3385,23.4734,19.0763,19.6105,17.5537,18.7376,19.8122,17.7505,18.4193,17.9824,20.7763,16.9878,18.9832,19.3473,18.8285,17.8739,18.2995,20.7290,17.0983,18.7010,18.4505,19.4076,17.1029,18.8898,19.2266,17.0563,18.7400
down,0.0000,0.0000,0.0000,2.2451,19.0334,21.0751,18.7554,19.7207,17.5193,17.8549,19.3878,22.9185,17.7261,18.2963,20.7493,17.1061,18.2402,18.0510,19.3222,16.5612,19.2007,18.4534,18.0295,17.3207,17.8678,19.6773,16.3746,18.8678,18.1241,18.1612,17.6868,19.6149,18.5088,16.5283,18.6210,17.5610,19.2780,16.4651,18.9641
down,0.0000,0.0000,0.0000,1.8385,18.9427,19.0266,21.7690,19.2412,17.8846,17.7093,19.7149,25.4956,19.3107,18.4815,20.9366,17.4385,18.8266,20.1956,19.5227,21.6320,25.4115,19.7524,18.4780,17.9332,17.8280,20.9612,17.3693,18.0698,18.0659,20.5085,16.4366,18.1834,19.0895,16.8859,19.6541,18.4285,18.9556,17.3446,19.5885
down,0.0000,0.0000,0.0000,1.6434,19.6380,17.5563,22.4298,18.0963,17.8071,18.8263,20.2146,16.6293,18.1322,20.4515,17.0061,18.3724,17.7283,19.1105,16.7968,18.5102,19.0063,18.1415,17.2141,17.8588,20.1017,16.4495,18.8376,18.2359,17.6863,19.2710,20.4063,18.9363,17.2595,20.0161,17.8922,18.8307,16.7034,18.0176,19.2956
down,0.0000,0.0000,0.0000,2.5229,16.2659,30.5273,26.9551,14.8990,24.7578,26.0283,21.0559,27.3307,13.0959,19.7907,25.1980,27.7922,19.6490,18.4307,18.4554,19.0941,20.5851,16.5571,20.1407,18.3741,19.9154,23.1902,22.4120,21.1654,16.2971,18.6159,18.3932,18.7400,16.9041,17.6132,21.1024,16.9829,17.8673,18.0468,18.6822
down,0.0000,0.0000,0.0000,1.4524,18.9873,19.3737,18.2661,19.9602,19.6105,18.7088,19.2680,22.2459,17.6910,19.2680,16.2441,17.7727,19.2971,18.0202,17.0881,17.6320,21.4605,17.4815,17.5800,19.7880,19.1151,16.5388,18.2402,19.1539,16.3693,18.1371,17.4085,19.5322,16.1002,17.9854,18.6710,16.5800,18.1402,18.0041,18.4863
down,0.0000,0.0000,0.0000,1.3202,17.7061,17.9293,17.9529,18.1585,18.6215,16.3859,19.1034,17.6783,17.8322,17.0634,18.2695,18.8246,16.1490,19.0478,17.4105,18.1317,16.8378,18.5563,18.6580,16.8476,17.6027,17.2056,19.5127,15.9783,18.7390,19.1400,18.8259,17.1561,18.0498,20.2641,16.7034,18.9478,18.3341,18.5346,17.6378
down,0.0000,0.0000,0.0000,3.0907,17.9720,18.3485,17.7529,19.4412,19.3227,18.2502,17.3532,17.2812,22.2437,16.4571,18.8578,18.3017,16.9654,22.8990,20.1868,18.0017,15.7961,17.7815,17.1690,18.1371,15.3398,16.3659,19.4524,16.9132,15.6663,16.6288,17.9349,14.4929,16.3366,17.4100,16.2693,15.8232,16.4200,19.3951,15.2432
down,0.0000,0.0000,0.0000,1.9249,16.3293,17.5820,17.0041,18.8776,15.9034,16.4802,16.3959,17.7459,14.9866,17.7680,16.9190,16.4120,16.1776,16.5361,18.4298,15.4134,17.3927,16.6566,17.3471,15.8744,17.2451,17.8624,15.6973,16.5585,16.6488,18.4180,15.1554,17.0659,17.5578,15.9973,17.0980,17.0871,17.7634,15.7517,18.8283
down,0.0000,0.0000,0.0000,1.6671,17.6095,17.3320,16.9810,15.3222,17.0629,16.8454,17.5300,15.4961,16.5500,18.4295,15.2271,16.7334,16.4917,17.1071,15.3456,16.9246,17.6263,15.5234,16.7700,16.1417,17.6568,14.9863,17.2432,17.0983,16.1937,16.3856,16.7385,17.4837,15.2190,18.1022,16.3790,16.3961,16.0129,17.0298,17.6710
down,0.0000,0.0000,0.0000,1.6349,15.4832,16.9959,18.6690,15.8654,16.5610,16.0244,15.9712,15.4790,16.8383,16.7141,15.1410,17.1000,16.1105,17.8066,15.4517,17.0978,18.5963,17.2044,16.6039,17.9637,17.9117,18.2378,20.4654,17.1537,16.3590,18.3524,18.3907,17.2937,15.6495,17.8149,16.3122,16.7993,16.5480,17.1822,17.1356
down,0.0000,0.0000,0.0000,1.7651,15.0468,31.4117,16.2039,22.3295,20.7576,37.0705,67.7346,77.0402,42.2922,27.2556,26.8732,23.0732,24.8880,17.7729,19.6073,15.9041,19.9815,16.3590,17.8537,27.6456,26.2790,20.2734,24.4485,24.1295,15.9990,17.5890,17.3115,16.3285,18.4041,16.5876,17.9646,15.0359,16.6124,16.8780,17.7832
down,0.0000,0.0000,0.0000,1.2644,16.2812,25.8512,19.7734,23.6841,24.9839,26.3863,19.9095,26.5754,15.4137,17.5029,18.6432,16.0512,20.7776,20.4915,20.1702,17.6524,16.2849,16.9693,16.8622,18.5251,21.7563,24.2802,26.7561,20.4163,16.2407,18.8283,17.0178,16.4334,16.0559,16.6200,17.7088,15.5807,17.2949,17.2498,17.6517
unknown,0.0000,0.0000,0.0000,1.3346,17.1166,15.8868,17.0351,15.5266,15.7459,15.7566,17.9244,14.5812,16.4195,16.8371,15.8224,15.4380,16.1283,17.4076,14.7688,17.6034,15.9583,16.1795,15.7217,17.0961,16.8507,15.0205,16.5339,15.9917,16.9049,15.0232,16.4271,17.2705,15.4912,15.9644,15.8268,17.8183,14.6680,16.9015,16.4117
unknown,0.0000,0.0000,0.0000,2.3646,14.7573,20.9683,18.3171,27.8551,35.1141,30.6471,25.7427,23.1802,23.9893,29.8907,16.5183,26.1649,49.8271,45.4495,35.2141,33.1654,79.3605,120.0056,77.5410,29.1380,17.8956,17.5632,26.1900,31.7305,29.9276,31.2802,35.4285,26.8598,27.2993,41.8185,43.2610,22.8724,18.7239,18.2163,16.2000
unknown,0.0000,0.0000,0.0000,2.9876,19.5551,16.4632,16.0656,17.0685,19.5741,17.6851,13.4168,21.8180,17.4905,20.7093,22.3637,21.5412,17.0063,17.7505,17.1939,17.8480,15.5068,16.4466,19.3056,15.8856,16.5237,17.0688,18.6156,15.4832,16.5015,19.2244,16.0112,16.3732,16.2988,17.8661,15.3095,17.0563,17.5166,15.9232,16.2854
unknown,0.0000,0.0000,0.0000,2.2673,16.9395,18.1763,17.0051,18.1720,15.9534,19.3444,17.5915,17.5454,16.9500,85.9820,53.2978,48.0107,76.0559,47.6141,27.8820,25.3690,19.1088,19.1861,18.0793,17.3720,17.9393,21.2971,16.7912,17.7398,21.7132,23.1080,18.2600,18.3700,19.3363,16.9566,19.1646,18.1800,19.0993,20.6263,59.9302
unknown,0.0000,0.0000,0.0000,11.4168,57.1398,18.0959,17.7800,16.4415,17.5934,18.7983,15.7395,17.0732,22.6929,22.0963,17.0166,20.7890,17.5734,16.3790,21.9785,20.9154,18.3127,66.9144,76.9824,24.0654,37.8205,40.1539,33.9812,29.6210,35.7154,27.8671,18.2361,16.9424,16.7934,16.8605,21.5961,17.6329,16.6212,18.0410,20.3793
unknown,0.0000,0.0000,0.0000,1.0998,16.5380,17.0454,17.3632,16.4300,17.8246,17.8049,15.7317,18.3034,16.8137,17.5476,16.0376,17.4617,18.4488,15.8232,17.9990,17.1612,17.9917,16.2737,18.8246,17.4132,16.3600,17.1588,17.0068,18.3893,15.6449,18.6895,17.2988,17.3266,16.5680,18.3034,19.6273,17.9244,16.9939,17.3432,18.0671
unknown,0.0000,0.0000,0.0000,1.3673,17.8744,17.5871,15.6983,17.2456,18.4473,15.6854,17.4673,16.7851,18.0195,15.5293,16.5241,18.6388,16.9073,16.0959,17.0110,17.5578,17.4032,20.2988,17.5329,20.3756,15.5556,19.0020,19.7039,14.5480,23.0480,27.5646,31.2327,29.7863,20.3220,19.2385,20.0227,13.9615,19.6505,20.1917,21.7107
unknown,0.0000,0.0000,0.0000,5.5376,29.2463,21.5690,17.9993,16.9534,26.0778,23.4990,18.3902,21.1663,20.5793,16.6278,17.3368,21.0617,17.1600,17.0398,17.4983,19.2834,15.8080,17.3917,18.7680,16.6985,17.1598,17.4288,18.2149,16.9205,19.9317,17.6251,17.2183,17.0056,17.2673,19.3473,15.6476,18.2593,17.2449,17.5895,16.8007
unknown,0.0000,0.0000,0.0000,3.1556,17.5839,17.9859,17.6654,16.7951,16.3985,16.6939,19.5285,15.7639,17.2590,17.4961,17.1776,16.2349,17.0900,19.1461,16.1756,17.1139,17.4456,19.1763,15.3320,33.1602,33.6780,19.0729,20.2495,20.7910,22.5698,29.2151,29.3998,16.6207,17.1700,26.0737,18.0141,17.4615,15.5493,19.1429,31.5271
unknown,0.0000,0.0000,0.0000,5.7056,17.5449,28.7868,20.4090,19.9524,17.1200,21.0746,18.1729,18.4798,23.0715,24.4459,19.4954,19.9941,23.8907,15.9010,18.4422,34.2271,76.6776,45.0495,22.7968,26.7422,34.0468,22.3412,25.7773,25.2024,24.2912,17.8651,22.1871,24.6961,19.9368,24.7451,51.7920,50.5649,26.4320,17.3261,18.6539
unknown,0.0000,0.0000,0.0000,1.3617,17.0290,18.0310,15.7580,18.0390,17.4549,17.4924,17.1129,17.8437,18.7600,15.9120,18.0300,17.3132,18.6093,16.2771,17.7522,18.7693,16.8902,17.4427,17.3083,18.9278,16.0878,18.4532,17.9759,16.8407,17.3924,18.1485,18.2759,17.7985,19.6956,17.1951,17.4978,16.7334,17.8056,18.8193,16.0580
unknown,0.0000,0.0000,0.0000,2.2715,18.1837,18.3334,17.8261,23.1295,29.7046,23.4468,72.1763,42.5866,19.7156,16.6610,26.6437,50.3268,56.6354,40.6361,15.0454,20.1810,17.6029,19.6639,22.1966,24.1859,26.7398,22.0220,22.0524,16.4363,26.8566,18.5661,18.8080,17.7202,20.2068,19.6880,18.5110,18.6859,23.4610,15.9720,19.7000
unknown,0.0000,0.0000,0.0000,1.7385,26.9385,20.8922,17.0924,19.1715,15.8000,18.9578,17.6398,22.2539,15.8602,22.5585,20.6463,20.1732,15.8761,24.3063,37.7890,25.0717,21.3580,21.4668,25.2602,31.3390,23.1429,18.7476,19.6300,24.8020,17.7276,17.3595,16.3288,16.7010,21.3812,18.3615,16.6593,18.1563,18.9905,15.9337,17.5105
unknown,0.0000,0.0000,0.0000,2.1412,18.5824,16.3939,16.8037,21.1500,17.3095,16.9093,18.7117,19.6415,15.9202,17.2322,18.6429,16.3273,18.6927,19.3717,32.8873,15.3588,22.5376,19.2554,21.1041,21.4512,18.3790,25.8698,27.2849,18.5978,21.1722,21.4800,24.1810,22.2927,18.5820,18.3620,19.2510,16.8054,18.3161,15.6900,17.2127
unknown,0.0000,0.0000,0.0000,2.1661,18.1193,16.2798,17.9395,15.6422,17.9783,16.6978,18.3905,15.9727,17.0439,19.8724,16.6439,15.9137,16.3668,19.2973,15.1888,17.0451,17.1385,16.3588,16.3798,17.1956,17.5927,15.3802,19.1739,17.0093,16.9276,16.9905,17.8129,17.3693,15.5173,17.3663,16.1732,18.3263,15.3629,16.3749,19.1022
unknown,0.0000,0.0000,0.0000,3.1676,16.4461,24.2266,36.6917,49.7644,29.7963,19.9785,18.1163,16.2302,17.2051,20.0078,20.4802,17.2307,18.2688,22.9388,18.1251,18.0398,22.0763,20.0037,16.3944,17.6359,19.7856,18.2059,17.9261,16.7398,21.1410,18.1729,22.4463,32.0212,18.8351,17.2066,18.6132,17.9427,16.7929,17.9222,17.8463
unknown,0.0000,0.0000,0.0000,2.5978,15.8468,19.2317,16.1983,17.9244,18.9795,24.4871,18.0522,19.3795,18.8049,20.5068,23.9000,19.7761,19.4949,23.0529,20.9507,65.7929,125.1142,50.4763,29.7378,62.8351,76.1880,65.1842,40.9371,29.3241,28.2637,21.3615,17.7907,16.4100,17.1951,19.0922,22.7905,18.0298,17.9144,27.1710,50.2802
unknown,0.0000,0.0000,0.0000,3.2183,27.2134,31.5168,21.1900,39.5793,35.1949,25.2629,23.1541,22.9405,19.3100,22.5649,28.4234,22.4085,19.6407,16.3376,18.5402,18.5576,16.4883,19.9627,25.4820,26.4134,20.4995,21.4993,17.9629,18.0461,17.6846,17.4768,18.4617,16.1490,17.4822,19.5983,18.2800,16.8010,17.3827,20.4922,16.1580
unknown,0.0000,0.0000,0.0000,2.0593,17.2666,21.0639,18.9020,27.3632,29.8498,18.8646,22.9256,30.1868,33.7490,25.7590,20.4778,28.8561,19.7554,18.7805,21.2346,18.6271,24.0980,28.8576,20.2654,19.8276,16.0702,19.5859,17.4722,16.4800,17.4520,17.3695,18.5288,15.8327,17.4676,17.6663,18.3429,15.9607,17.0112,19.2800,16.1529
unknown,0.0000,0.0000,0.0000,1.7478,17.6098,17.7993,18.4507,16.8732,18.9737,15.8588,17.1651,19.8124,17.2951,16.9378,17.2251,18.7512,15.8207,18.6122,17.2702,16.8312,42.5802,56.9393,31.9888,14.4539,23.1644,29.6205,27.0783,23.0144,52.5171,35.8885,23.9173,24.3893,20.0137,22.7968,20.5244,19.9534,21.3690,20.9461,16.0527
unknown,0.0000,0.0000,0.0000,1.3880,23.6954,18.1988,32.5834,15.8778,10.4963,26.7122,23.4766,21.5741,23.6829,23.2688,19.9100,22.6241,22.3459,25.4124,21.6624,20.3429,28.7159,29.7798,21.9888,20.8702,17.6610,20.1990,17.1895,17.6532,18.9439,23.4778,39.0090,32.0176,23.9800,16.9678,21.3737,23.0271,20.1868,19.8390,21.7493
unknown,0.0000,0.0000,0.0000,1.9580,18.5859,15.9832,17.1620,17.1893,19.9585,15.9463,17.9978,17.8693,22.7698,19.7651,23.4410,24.2688,21.9334,21.2563,17.5720,18.0605,16.9073,19.0422,18.2907,16.7144,19.1744,18.8646,19.0544,16.2141,18.3029,18.0088,17.6471,16.6171,21.3515,40.1207,34.8120,18.2344,19.9046,21.7368,30.6629
unknown,0.0000,0.0000,0.0000,5.7483,30.3590,16.9688,17.5302,19.1476,16.1154,27.7380,53.5061,30.5122,19.4837,21.1117,23.3276,18.7905,34.3193,32.5649,23.5337,43.2920,43.9576,24.8690,17.6588,17.1951,17.1137,20.7656,16.9400,17.0037,18.5222,21.6959,17.0968,17.7432,19.4705,17.0651,16.8146,17.7998,19.7788,16.8027,17.7951
unknown,0.0000,0.0000,0.0000,2.0312,22.9478,33.8517,66.6785,46.1344,44.9724,37.8532,42.2422,61.8522,61.8205,45.4580,35.6929,18.8278,17.8339,24.7717,30.9129,34.7429,54.7727,23.7634,50.2949,47.8293,42.7317,22.3410,33.6100,50.6373,39.7698,19.1898,21.6144,24.0566,25.0649,24.6293,17.5815,18.1456,21.2198,20.3712,17.3229
unknown,0.0000,0.0000,0.0000,1.4622,21.2466,19.9024,17.3729,20.3617,16.2815,18.1673,17.3793,20.0217,16.8354,25.4622,41.3254,28.5588,21.1802,28.6490,24.2229,15.8368,32.2702,22.3146,23.0224,26.9449,41.0920,24.9405,30.8983,42.8912,15.8307,20.3756,19.3141,19.8902,29.4907,19.9820,17.4693,22.1424,17.8759,19.0102,29.6527
unknown,0.0000,0.0000,0.0000,2.3854,18.7695,16.2473,18.3580,17.6993,19.1144,16.3954,23.3422,51.9012,64.9224,20.0215,32.1893,22.8739,24.3417,19.2993,27.3295,31.1822,30.8371,25.1373,20.3507,20.8822,22.3224,19.2983,20.9351,16.3173,17.2907,21.1459,19.4585,17.2905,18.1749,18.9032,17.5941,18.4380,18.8237,18.1112,16.9593
unknown,0.0000,0.0000,0.0000,1.8459,19.3861,17.4285,16.8527,18.0607,18.3395,16.2724,17.9671,17.4071,18.8666,16.9688,20.1327,18.6229,17.5590,20.7905,18.7376,19.0405,16.6910,19.8744,18.2371,18.1920,17.3802,18.1790,19.8183,16.7207,18.2424,18.0312,19.5022,16.4744,18.7029,19.5524,17.2827,18.0520,17.8273,19.8844,16.6422
unknown,0.0000,0.0000,0.0000,2.6861,18.2105,18.9829,18.6088,19.3749,16.7600,18.5229,17.7178,21.1527,16.8915,18.0632,19.3722,17.7283,17.6359,18.3854,19.1966,16.6651,19.9905,18.1254,18.1798,17.9322,19.1012,18.3885,16.5734,18.7239,17.6546,18.5968,16.5593,19.2141,18.3049,18.4751,17.4288,21.1739,19.4246,16.8271,18.5393
unknown,0.0000,0.0000,0.0000,1.6220,19.3927,16.5920,18.1522,16.9590,18.6059,16.2771,19.0334,18.0820,16.6307,19.1598,18.4895,18.3400,16.6680,18.6190,17.6210,17.2288,16.7317,17.4754,18.6595,15.9029,17.6473,17.2995,18.1549,16.5634,20.1727,18.2915,16.6220,17.6893,17.2024,20.3641,16.7810,17.3102,19.8500,18.4378,16.5090
unknown,0.0000,0.0000,0.0000,2.3017,17.9963,18.3056,17.2337,19.3571,16.4446,17.2022,17.1902,19.1054,15.7459,18.3288,18.0585,16.2617,18.1483,17.7368,17.9449,16.2771,19.4166,17.1898,17.0185,17.2044,18.2898,17.8251,15.8085,18.4098,17.1349,17.2524,17.0051,18.4366,18.2595,16.2232,17.2451,16.8183,19.2800,15.6795,17.7924
unknown,0.0000,0.0000,0.0000,1.7339,19.2317,16.6737,18.6812,16.6459,17.4088,17.6500,18.1085,16.9198,18.7688,17.5717,17.0093,18.1612,27.5651,34.0954,16.4937,20.0802,30.8629,26.2202,21.7002,18.4966,17.7922,15.6617,23.9085,22.1020,17.7541,16.2420,17.4476,22.0888,18.9615,16.0810,18.2259,19.5271,16.9161,17.1800,18.9449
unknown,0.0000,0.0000,0.0000,3.4920,15.5451,18.9668,17.4351,33.0207,53.6141,25.2107,16.1073,24.2405,25.7802,22.2690,16.8824,16.1793,18.8076,17.7641,19.1468,18.7493,22.9522,24.8495,16.3768,17.7373,17.6180,16.9663,16.4483,17.3922,19.0537,15.8834,17.7307,17.2890,18.1656,16.0585,17.7776,18.2685,16.4073,17.0444,16.8154
unknown,0.0000,0.0000,0.0000,3.2278,16.5180,16.6483,18.6439,15.5463,17.8654,17.7595,16.6249,16.8290,17.0615,19.2695,15.8480,17.4212,17.6449,18.3785,16.0378,17.1005,19.9271,16.6607,17.0524,17.2754,18.8763,15.7927,17.1729,18.6012,17.1637,16.7010,16.8910,18.5588,15.6795,18.9629,17.1505,16.9080,16.6920,17.3146,18.6185
unknown,0.0000,0.0000,0.0000,1.4922,16.1705,17.9895,15.7915,17.2205,18.0210,16.4593,16.7515,16.6766,19.2512,15.4324,17.4371,18.2871,16.9329,16.5932,17.0105,19.0483,15.4861,17.6871,16.9210,17.4890,16.0878,17.4607,18.0471,15.6107,17.3366,16.6556,17.8634,15.6188,15.8366,47.1271,28.9154,22.7488,26.7754,40.2168,19.3456
unknown,0.0000,0.0000,0.0000,5.8312,36.8929,15.9822,16.1766,18.4646,17.2510,16.2183,17.2524,16.9332,18.3761,15.3624,17.4361,17.2085,17.1012,16.1310,17.3324,17.8395,15.5546,17.5244,16.6483,17.6683,15.5522,16.8388,18.0322,15.9844,16.8790,16.6602,18.5100,15.5115,17.3900,17.4824,16.7998,16.6722,17.6890,18.0493,15.5171
unknown,0.0000,0.0000,0.0000,2.3302,17.7517,16.9185,17.3439,17.6339,19.2120,16.1010,18.1634,18.0490,18.3193,16.8529,18.0315,18.9200,16.1654,19.5407,17.7293,18.7200,16.8327,18.4529,19.2083,20.6093,25.4480,27.1905,22.8588,18.2232,34.1110,36.1527,31.1380,28.7434,22.4861,18.2283,18.3207,19.6734,17.3917,18.8278,16.7224
unknown,0.0000,0.0000,0.0000,2.1651,18.5695,20.4083,16.2327,19.0620,18.2839,17.2217,18.4400,18.4990,19.0102,16.5449,19.0707,17.8668,17.9771,17.1122,18.3146,19.1359,16.4524,18.3993,17.6183,19.0693,16.6210,19.5515,18.8171,17.1988,20.4712,18.9276,18.7239,26.8056,30.7788,28.2695,19.3400,23.5578,21.9617,19.0810,16.7334
unknown,0.0000,0.0000,0.0000,2.7215,20.7902,17.3163,27.0156,31.5634,27.6246,16.1129,22.6602,26.0478,16.6702,25.5883,19.5820,21.1329,18.0341,19.7563,19.7932,17.1927,20.7651,23.7037,20.1068,19.5673,23.6537,19.8505,20.1676,24.4649,22.3151,25.7241,20.2041,16.7310,17.5017,21.2776,16.9149,17.7651,19.2685,21.8178,16.8363
unknown,0.0000,0.0000,0.0000,2.0461,18.6112,20.3654,17.3154,18.2022,18.7871,18.7532,22.8961,23.7476,18.2868,19.0754,23.6246,24.6502,22.1237,14.4227,20.5427,19.2739,21.1261,18.6602,18.2832,19.4420,17.4556,23.4820,18.6410,21.9756,16.1629,20.5376,19.8512,19.2693,20.4778,17.8710,20.1812,17.6615,17.4115,18.1390,19.0420
unknown,0.0000,0.0000,0.0000,1.3524,18.2349,17.3529,19.3276,16.2971,20.1907,18.2017,18.0693,17.1756,17.7995,20.0068,16.4793,18.5890,17.5915,19.1710,16.4937,18.2061,19.4900,17.1793,17.8780,17.7880,19.2183,16.3646,19.2537,18.2468,17.3480,17.9241,18.0590,19.3476,16.2439,19.0780,18.0539,17.9054,17.5176,18.4112,19.1420
